JPEGImages/0001.jpg,85,316,140,370,solid
JPEGImages/0002.jpg,85,316,140,370,solid
JPEGImages/0003.jpg,85,316,140,370,solid
JPEGImages/0004.jpg,85,316,140,370,solid
JPEGImages/0005.jpg,85,316,140,370,solid
JPEGImages/0006.jpg,85,316,140,370,solid
JPEGImages/0007.jpg,85,316,140,370,solid
JPEGImages/0008.jpg,85,316,140,370,solid
JPEGImages/0009.jpg,85,316,140,370,solid
JPEGImages/0010.jpg,85,316,140,370,solid
JPEGImages/0011.jpg,85,316,140,370,solid
JPEGImages/0012.jpg,85,316,140,370,solid
JPEGImages/0013.jpg,85,316,140,370,solid
JPEGImages/0014.jpg,85,316,140,370,solid
JPEGImages/0015.jpg,85,316,140,370,solid
JPEGImages/0016.jpg,85,316,140,370,solid
JPEGImages/0017.jpg,85,316,140,370,solid
JPEGImages/0018.jpg,85,316,140,370,solid
JPEGImages/0019.jpg,85,316,140,370,solid
JPEGImages/0020.jpg,85,316,140,370,solid
JPEGImages/0021.jpg,85,316,140,370,solid
JPEGImages/0022.jpg,85,316,140,370,solid
JPEGImages/0023.jpg,85,316,140,370,solid
JPEGImages/0024.jpg,85,316,140,370,solid
JPEGImages/0025.jpg,85,316,140,370,solid
JPEGImages/0026.jpg,85,316,140,370,solid
JPEGImages/0027.jpg,85,316,140,370,solid
JPEGImages/0028.jpg,85,316,140,370,solid
JPEGImages/0029.jpg,85,316,140,370,solid
JPEGImages/0030.jpg,85,316,140,370,solid
JPEGImages/0031.jpg,85,316,140,370,solid
JPEGImages/0032.jpg,85,316,140,370,solid
JPEGImages/0033.jpg,85,316,140,370,solid
JPEGImages/0034.jpg,85,316,140,370,solid
JPEGImages/0035.jpg,85,316,140,370,solid
JPEGImages/0036.jpg,85,316,140,370,solid
JPEGImages/0037.jpg,85,316,140,370,solid
JPEGImages/0038.jpg,85,316,140,370,solid
JPEGImages/0039.jpg,85,316,140,370,solid
JPEGImages/0040.jpg,85,316,140,370,solid
JPEGImages/0041.jpg,85,316,140,370,solid
JPEGImages/0042.jpg,85,316,140,370,solid
JPEGImages/0043.jpg,85,316,140,370,solid
JPEGImages/0044.jpg,85,316,140,370,solid
JPEGImages/0045.jpg,85,316,140,370,solid
JPEGImages/0046.jpg,85,316,140,370,solid
JPEGImages/0047.jpg,85,316,140,370,solid
JPEGImages/0048.jpg,85,316,140,370,solid
JPEGImages/0049.jpg,85,316,140,370,solid
JPEGImages/0050.jpg,85,316,140,370,solid
JPEGImages/0051.jpg,85,316,140,370,solid
JPEGImages/0052.jpg,85,316,140,370,solid
JPEGImages/0053.jpg,85,316,140,370,solid
JPEGImages/0054.jpg,85,316,140,370,solid
JPEGImages/0055.jpg,85,316,140,370,solid
JPEGImages/0056.jpg,85,316,140,370,solid
JPEGImages/0057.jpg,85,316,140,370,solid
JPEGImages/0058.jpg,85,316,140,370,solid
JPEGImages/0059.jpg,85,316,140,370,solid
JPEGImages/0060.jpg,85,316,140,370,solid
JPEGImages/0061.jpg,85,316,140,370,solid
JPEGImages/0062.jpg,85,316,140,370,solid
JPEGImages/0063.jpg,85,316,140,370,solid
JPEGImages/0064.jpg,85,316,140,370,solid